0,642,641,606,626,453,618,473,577,417,591,635,533,420,632,687,375,488,378,626,420,430,273,678,357,619,384,837,176,702,344,921,11,954,433
1,979,500,574,385,420,606,456,577,400,605,645,446,466,438,752,462,756,465,658,371,417,279,699,355,622,364,659,389,666,384,696,326,715,307
2,455,619,432,600,423,605,456,580,404,606,641,447,464,439,752,462,756,466,645,357,402,285,684,356,641,362,660,391,687,383,696,290,960,425
3,448,594,435,586,425,600,455,574,405,598,575,391,412,607,841,172,753,465,662,331,417,287,685,337,624,363,636,392,663,401,682,290,692,324
4,383,335,376,321,364,335,410,321,359,362,548,327,456,374,675,328,475,410,654,333,480,442,683,354,603,390,844,187,621,289,929,9,649,226
5,357,313,337,295,338,327,351,264,353,336,413,196,452,377,433,57,471,475,440,-13,465,536,669,296,626,377,765,449,759,479,928,5,948,434
6,353,312,335,292,335,323,350,271,352,339,422,208,449,387,434,67,474,465,439,5,459,546,670,297,634,372,833,174,759,475,933,3,941,432
7,348,308,329,286,332,319,352,273,354,334,416,208,437,391,436,84,469,473,444,-1,452,550,667,279,632,364,829,173,765,482,936,0,946,434
8,357,301,337,283,336,312,351,276,352,334,422,207,438,389,440,67,466,479,435,-16,464,582,675,278,647,364,823,182,761,481,932,8,943,432
9,352,298,331,276,334,310,349,268,349,332,422,208,441,394,449,77,461,482,446,-18,452,533,672,272,647,368,812,175,767,471,930,2,951,431
10,360,300,335,281,334,314,347,272,348,335,421,207,440,393,449,72,461,481,454,-11,453,573,676,259,657,362,819,178,763,476,928,4,951,429
11,349,302,325,284,327,316,340,278,341,336,421,210,435,389,448,81,460,473,454,-16,455,560,683,253,666,358,816,180,768,477,923,7,949,431
12,346,313,323,293,323,328,345,277,342,343,422,213,436,398,446,93,464,491,445,-1,454,558,680,248,668,343,819,186,768,480,913,4,952,434
13,346,321,321,305,322,338,336,285,341,353,413,216,431,390,440,91,454,495,446,-1,460,586,680,251,672,347,817,187,772,482,920,6,954,440
14,337,315,319,296,317,331,335,283,339,350,413,210,428,381,439,89,456,493,435,-13,456,585,689,256,677,345,827,182,780,486,925,0,953,431
15,334,318,310,296,312,334,326,282,334,353,412,204,425,387,440,75,456,496,435,-23,454,594,692,252,670,345,837,185,778,491,924,-1,952,428
16,342,311,314,296,314,332,327,284,336,356,417,208,426,395,446,62,452,510,447,-18,455,595,688,263,677,358,833,185,779,496,920,-1,956,433
17,350,291,326,274,325,309,334,271,339,344,423,204,426,392,458,75,458,507,455,-35,455,602,701,266,683,362,848,187,787,487,920,1,969,433
18,349,294,325,276,320,312,339,264,339,341,426,189,433,388,444,32,461,498,442,-32,462,577,703,255,687,354,838,178,798,465,916,12,971,440
19,340,296,321,277,317,310,336,258,341,334,426,190,438,384,440,20,466,505,433,-59,472,581,701,253,690,353,826,155,804,439,949,26,970,470
20,330,275,310,257,311,290,321,242,327,311,408,152,417,349,438,27,468,470,414,-79,486,564,688,226,679,334,778,81,845,387,949,53,934,521
21,327,254,312,244,313,268,326,257,331,310,414,161,416,360,437,40,462,466,432,-44,485,575,684,227,684,337,767,68,859,370,951,59,944,537
22,328,237,310,229,311,253,323,248,328,292,416,159,409,345,431,28,457,454,424,-45,474,563,688,246,671,346,866,330,863,364,950,62,953,544
23,346,229,328,222,328,233,333,235,333,259,411,207,406,308,451,33,458,438,486,552,483,569,702,295,695,318,856,351,857,354,871,359,953,541
24,344,200,329,199,329,217,330,223,335,267,419,143,406,318,444,31,450,430,431,-20,479,553,696,265,680,330,854,355,847,358,960,526,958,527
25,356,189,340,188,341,205,342,219,345,256,413,172,409,303,455,85,451,424,433,-15,475,569,697,264,674,316,844,366,836,365,952,530,953,528
26,353,188,339,190,339,202,344,224,346,256,415,182,413,308,437,42,444,429,427,-25,462,570,703,266,678,334,846,364,844,372,942,531,947,529
27,364,189,346,190,350,196,342,229,347,244,416,197,423,302,454,82,449,412,422,-29,457,541,707,276,689,317,846,359,841,358,942,525,945,523
28,357,187,339,181,338,197,337,202,337,236,421,142,396,276,451,76,449,383,342,201,457,511,705,224,701,267,830,345,827,342,937,513,944,49
29,366,182,341,174,345,199,347,172,349,219,416,81,415,258,423,12,452,373,408,-22,465,491,704,136,703,237,789,11,816,324,962,45,934,500
30,346,208,322,199,328,212,323,199,331,219,384,158,398,229,435,357,441,355,457,489,456,488,685,160,705,204,780,10,812,297,951,66,942,73
31,360,201,339,189,341,212,340,175,342,215,401,102,408,253,424,19,442,367,398,-9,462,489,691,152,685,212,815,286,786,-2,959,42,955,42
32,339,199,318,194,322,222,324,197,331,258,410,88,399,292,433,14,441,388,409,-13,462,507,676,130,689,248,772,16,816,334,951,58,946,478
33,337,208,318,203,319,231,333,198,335,256,409,91,401,297,455,52,442,399,424,7,462,518,673,144,675,251,769,24,810,338,958,46,946,485
34,348,189,330,183,332,207,341,197,345,242,423,100,425,293,443,14,447,390,443,13,455,520,679,157,673,256,765,19,828,329,952,52,961,493
35,348,208,335,193,331,219,359,179,351,236,437,108,426,277,456,40,450,385,644,109,453,505,677,166,670,257,771,12,830,335,952,47,961,494
36,351,211,338,193,335,221,363,172,358,233,444,116,423,270,457,32,453,382,603,181,455,502,691,167,677,232,834,314,823,326,956,44,950,48
37,354,203,343,188,335,214,364,172,358,231,439,114,430,265,468,50,457,384,447,9,467,500,688,158,679,252,765,0,841,349,952,51,963,493
38,366,200,349,182,348,213,364,172,361,228,455,125,423,259,502,83,463,378,599,196,477,493,695,163,683,221,848,329,831,333,962,495,953,42
39,363,188,347,173,346,201,363,162,356,219,454,117,423,245,504,88,468,372,443,197,484,490,701,147,689,234,764,-3,835,337,951,57,966,492
40,354,184,339,167,336,195,361,148,353,210,446,100,422,246,506,63,472,373,344,161,486,487,689,132,683,227,771,-7,834,331,959,53,963,493
41,359,177,344,160,339,190,362,143,356,209,444,91,431,248,507,54,473,365,345,144,496,481,693,126,685,224,777,-18,841,334,950,52,969,499
42,366,170,351,154,345,186,367,144,364,209,445,116,436,241,516,82,479,362,357,144,495,468,694,122,686,216,781,-21,839,327,951,49,967,496
43,355,163,340,149,335,178,362,140,355,202,445,85,437,237,491,34,478,362,478,7,497,467,691,114,684,215,781,-15,834,327,956,50,969,499
44,370,154,352,151,349,159,357,172,356,195,466,76,434,245,481,18,481,367,433,188,496,459,699,132,689,235,776,-12,837,332,956,46,968,499
45,365,152,345,149,347,154,348,172,353,187,454,101,421,228,522,88,474,361,432,205,494,470,701,134,686,224,774,-5,841,339,949,52,965,495
46,350,158,330,156,332,172,335,179,336,218,426,113,407,255,476,66,457,383,425,191,485,485,693,139,688,238,772,11,829,345,960,42,958,492
47,355,169,336,164,334,181,333,184,328,217,430,130,388,261,484,74,447,381,601,207,476,500,681,170,669,266,764,21,828,346,956,35,956,493
48,331,202,313,196,313,209,315,213,314,240,414,131,383,291,449,18,437,418,444,-27,455,539,669,224,662,294,754,71,826,347,954,39,952,494
49,332,231,315,221,315,229,315,241,315,252,400,201,383,293,447,77,425,440,445,-14,445,556,666,246,659,308,756,100,831,361,950,37,973,495
50,343,251,326,238,323,250,319,257,311,284,408,195,379,347,448,121,422,475,462,10,442,597,660,254,664,331,768,135,831,374,922,41,971,494
51,355,266,338,250,329,269,331,255,317,296,417,187,393,362,450,115,432,484,460,16,445,599,668,268,654,370,737,135,823,369,911,80,963,491
52,365,249,350,239,346,260,347,249,340,295,431,210,413,337,471,136,460,457,442,5,481,571,683,267,678,330,836,310,837,339,913,107,966,485
53,372,223,358,219,354,232,357,248,354,273,429,236,421,312,480,158,476,449,592,247,504,555,686,248,684,300,750,107,835,337,906,106,970,490
54,373,221,360,215,361,234,367,225,365,262,425,147,421,289,471,87,488,395,469,-25,516,488,683,203,675,278,756,77,812,341,919,99,953,489
55,372,220,355,216,355,220,360,226,361,236,426,210,429,248,483,102,485,378,510,461,508,469,678,196,672,218,765,78,725,284,923,98,940,469
56,378,207,359,197,358,219,368,196,364,243,436,136,426,268,478,82,475,360,589,196,505,445,677,206,666,231,809,322,758,79,893,441,917,115
57,381,206,367,199,364,210,368,212,364,224,437,169,427,246,482,85,478,358,647,158,509,453,676,223,657,228,806,321,756,77,904,436,912,112
58,385,215,373,207,369,222,381,208,374,247,443,162,442,293,489,77,497,390,481,-24,516,479,660,220,635,279,805,329,751,92,918,439,914,106
59,389,218,378,210,373,229,384,216,381,259,449,171,442,301,489,79,495,398,483,-17,515,480,660,212,648,287,742,84,806,337,918,105,922,439
60,391,230,381,221,375,241,389,224,382,268,448,179,447,310,490,84,491,405,488,0,507,486,654,236,638,313,737,102,808,349,909,93,917,437
61,390,232,383,220,376,244,399,215,391,266,464,172,455,310,496,75,498,408,491,-11,508,488,653,228,642,306,749,99,812,341,902,73,919,442
62,395,188,382,183,382,201,397,197,402,240,465,135,469,277,490,18,502,367,484,-49,515,453,675,167,665,246,755,52,727,289,908,68,912,437
63,409,176,390,171,391,190,396,183,401,222,459,116,462,259,484,8,494,356,482,-27,510,441,688,156,680,232,753,39,794,321,909,76,913,434
64,402,174,389,165,384,186,397,166,395,207,471,106,462,246,492,40,501,341,485,23,516,425,671,155,667,237,754,39,794,292,897,405,901,80
65,403,181,392,180,395,180,400,196,408,193,460,197,467,174,507,337,506,331,527,419,523,422,683,213,687,194,811,294,745,44,898,417,906,70
66,415,190,404,190,412,182,411,205,429,174,463,247,498,138,507,356,526,88,524,435,610,157,703,246,717,177,808,303,746,52,901,417,906,72
67,427,192,417,186,416,195,419,191,419,203,465,206,471,212,499,343,502,341,513,425,515,430,713,232,713,198,803,298,741,50,901,418,901,70
68,412,193,405,186,401,198,413,189,408,212,476,198,459,231,622,259,499,350,636,311,505,422,722,238,696,215,808,299,740,42,897,416,904,67
69,409,192,398,184,396,206,405,181,404,225,469,149,456,248,520,109,497,357,470,194,507,437,693,187,692,236,743,48,800,295,914,69,910,420
70,420,188,412,176,406,197,418,172,410,218,471,123,466,254,510,67,500,357,524,66,508,432,692,178,684,230,811,300,737,284,900,417,912,67
71,397,184,384,177,383,198,401,177,402,222,469,114,462,259,490,1,494,358,482,-38,496,439,676,140,657,248,748,40,642,305,913,71,900,400
72,396,187,379,179,378,201,396,175,394,226,467,126,466,260,491,12,489,355,474,-66,497,437,677,154,671,234,749,47,710,281,917,72,904,391
73,390,227,377,209,377,226,387,175,394,212,452,113,471,264,490,10,489,351,493,0,495,443,678,164,662,255,733,102,773,355,910,40,904,400
74,397,233,381,216,382,230,389,179,394,207,454,110,474,267,494,7,494,348,479,-71,497,437,676,176,632,270,795,93,773,362,911,15,901,404
75,403,234,388,219,388,228,393,180,397,198,459,105,476,253,496,11,499,348,500,-12,500,430,678,180,656,262,814,107,765,362,898,6,903,402
76,412,234,399,221,397,229,403,185,409,204,460,118,482,255,500,11,500,340,444,-97,500,431,685,183,659,260,826,126,758,367,893,-6,901,403
77,414,236,396,224,396,232,403,186,410,208,462,125,489,263,500,9,501,345,451,-102,498,435,688,184,665,260,826,125,761,372,886,-12,906,406
78,415,242,400,229,399,237,408,190,413,211,469,126,486,256,501,6,502,345,463,-88,499,426,691,190,659,263,829,128,755,372,883,-13,901,401
79,415,249,400,235,400,242,410,193,417,217,470,132,488,266,501,16,505,346,478,-67,498,445,689,193,652,259,835,131,752,374,880,-15,906,408
80,420,249,402,235,405,244,414,195,421,224,474,132,492,259,499,16,506,350,482,-68,504,440,690,188,666,255,837,135,750,374,886,-19,898,405
81,422,245,406,232,407,242,419,196,424,228,477,137,498,272,504,14,509,354,486,-78,498,449,695,192,664,261,838,138,751,374,881,-15,897,408
82,420,253,407,237,409,248,418,196,425,226,477,136,498,262,504,26,508,357,496,-63,499,450,694,195,666,259,841,135,749,374,879,-16,902,409
83,421,245,406,230,408,243,419,195,425,231,475,138,502,271,499,28,510,360,489,-63,496,459,693,196,666,259,836,137,749,382,879,-15,898,410
84,422,230,404,217,406,239,419,193,421,242,475,137,497,281,498,31,507,366,489,-61,499,451,696,193,672,265,834,137,751,381,879,-11,899,411
85,419,229,403,214,403,239,417,192,423,244,472,136,492,279,494,35,506,367,494,-35,497,464,699,190,671,259,834,138,750,385,880,-12,893,410
86,410,243,395,228,395,250,411,201,413,250,469,139,492,285,495,42,501,366,494,-39,494,459,690,188,661,264,832,139,756,381,875,-11,895,408
87,417,245,401,230,400,250,415,200,416,248,469,146,494,282,493,47,500,369,489,-37,490,462,681,196,649,266,829,140,521,349,877,-10,903,401
88,421,237,405,223,403,245,419,195,420,246,475,143,499,284,494,42,502,370,487,-49,494,459,682,195,666,262,832,139,746,378,882,-16,897,409
89,413,254,399,237,400,253,413,202,420,241,467,142,498,279,498,51,501,367,492,-45,496,453,682,189,667,254,832,139,747,375,885,-16,899,408
90,407,259,395,244,397,257,411,212,418,244,465,153,493,281,493,58,507,370,487,-33,492,468,678,196,654,264,831,139,743,375,879,-17,901,405
91,419,252,404,237,403,255,419,209,423,247,469,154,498,295,500,70,506,377,489,-42,494,466,681,206,653,277,836,140,743,376,879,-16,891,399
92,414,260,401,245,402,259,417,208,424,246,471,160,501,292,496,58,505,381,490,-32,497,470,681,197,656,270,838,141,741,385,883,-13,899,411
93,419,250,402,237,403,256,417,210,421,256,472,162,497,290,494,64,506,375,490,-26,495,466,688,201,666,272,839,141,747,384,883,-20,892,404
94,421,253,405,239,405,258,418,203,423,251,473,155,501,288,492,57,504,375,486,-39,494,470,689,201,661,273,833,140,747,384,880,-16,902,413
95,428,232,412,219,409,245,426,196,426,251,477,154,502,291,495,56,507,372,489,-34,495,465,685,199,651,271,834,140,748,384,876,-19,898,412
96,428,236,414,222,413,249,427,202,431,258,479,155,507,294,499,60,508,375,495,-26,499,460,685,196,664,270,838,139,743,388,884,-17,896,407
97,432,247,418,235,415,260,433,218,431,272,482,177,504,308,498,74,514,390,496,-17,509,470,691,212,671,297,838,142,745,400,883,-16,886,404
98,432,251,418,237,415,262,431,218,433,277,481,169,503,310,497,79,513,392,498,-12,504,485,696,217,669,288,836,147,745,408,885,-9,898,404
99,420,243,403,231,402,258,416,227,416,282,475,174,488,325,490,76,505,403,491,-11,505,491,692,217,668,304,814,149,754,415,898,6,895,410
100,402,241,387,229,389,254,404,229,409,274,466,166,480,319,486,61,501,410,487,-14,505,504,686,223,652,312,799,120,686,344,922,6,896,410
101,395,238,382,228,385,249,399,229,409,268,458,151,473,319,479,66,496,408,473,-19,504,490,678,198,665,299,780,94,764,389,913,23,902,409
102,402,221,385,215,387,239,394,225,402,270,449,157,465,308,471,62,498,401,473,-7,507,479,670,196,656,287,737,85,697,319,904,41,901,410
103,400,211,384,209,383,228,392,222,393,263,447,158,465,306,466,53,502,398,468,-21,512,480,668,200,661,282,735,71,694,303,905,44,904,413
104,411,201,395,202,393,222,394,222,395,257,445,153,458,301,467,50,501,395,469,-9,515,474,669,197,666,280,740,53,796,340,907,42,910,416
105,431,205,418,196,411,213,413,210,407,240,463,179,465,281,485,100,505,391,475,9,520,472,676,201,671,259,741,63,795,329,910,40,908,44
106,429,213,415,212,415,208,408,230,409,223,462,253,462,241,588,249,503,376,606,266,522,463,678,217,677,224,748,64,744,65,909,40,905,42
107,430,198,419,190,410,208,414,205,406,237,462,154,463,290,483,80,505,380,478,-2,526,463,672,191,671,261,740,64,795,338,908,39,906,41
108,425,210,414,210,420,200,416,219,423,196,465,244,475,188,504,353,494,225,521,436,545,252,683,204,684,178,808,319,741,57,908,420,738,245
109,433,182,421,173,415,192,420,187,408,218,467,148,456,255,495,88,498,352,476,-10,509,428,674,158,670,216,735,40,786,309,909,36,777,284
110,416,172,402,171,403,170,400,184,400,182,455,173,461,171,491,309,491,308,626,223,505,403,680,153,677,167,747,33,743,29,909,43,874,393
111,406,179,391,174,389,178,394,178,392,182,459,128,447,196,473,13,487,314,454,-12,506,412,678,155,669,202,750,29,775,273,908,38,867,384
112,418,176,402,176,402,174,396,192,395,183,459,182,441,185,491,315,490,319,460,189,502,409,676,160,669,193,778,266,709,240,890,388,904,41
113,420,176,407,174,404,179,406,185,400,198,462,158,449,222,491,73,495,335,504,87,509,413,675,178,655,198,781,293,740,50,892,380,699,230
114,427,183,416,179,410,190,415,190,404,215,474,166,446,246,567,161,498,346,612,188,509,429,679,181,668,212,803,298,742,75,907,387,713,238
115,420,201,410,195,407,201,412,202,407,213,469,187,454,240,568,189,500,351,607,217,510,431,683,201,673,222,781,287,734,67,908,42,694,243
116,420,190,408,179,405,195,408,182,403,215,460,150,459,253,493,99,500,347,484,-18,511,423,663,162,667,234,728,49,777,302,898,44,895,389
117,427,182,413,175,408,188,414,182,406,207,463,143,464,258,487,61,497,343,479,-20,510,422,658,162,658,239,735,59,779,298,900,42,898,387
118,426,172,412,164,409,179,411,173,410,206,468,145,464,257,495,89,501,340,484,-14,512,425,660,155,660,228,739,58,788,304,900,49,899,392
119,427,170,412,159,411,175,413,163,412,195,475,124,461,234,506,97,499,327,447,178,516,410,682,150,681,217,741,51,779,287,899,53,898,389
120,415,169,403,157,401,176,414,149,408,185,470,87,465,223,481,11,501,311,475,-27,515,389,679,130,673,212,746,32,775,280,896,42,893,383
121,424,152,407,145,411,160,411,150,416,180,468,101,461,210,484,20,498,297,478,-4,508,384,677,113,674,190,746,17,780,271,891,47,876,376
122,408,149,395,140,395,156,405,141,404,164,475,76,462,206,487,15,499,291,474,-10,510,375,682,105,678,184,750,11,773,255,886,48,859,347
123,413,169,399,165,402,167,405,160,408,163,463,141,472,152,496,291,500,287,513,376,513,375,682,134,690,163,757,19,774,242,889,47,866,343
124,413,162,398,159,398,167,402,159,404,173,469,92,460,206,495,14,504,300,484,1,514,383,687,119,689,196,748,21,782,256,888,40,865,354
125,420,172,408,167,404,174,408,170,404,190,471,155,458,227,519,80,507,318,628,190,529,403,685,160,679,213,785,257,786,277,892,372,888,374
126,415,191,407,181,404,188,417,180,415,190,470,194,472,192,514,328,563,202,534,404,580,240,690,230,702,192,797,281,739,55,889,373,892,45
127,437,188,426,176,421,193,429,178,418,211,485,165,465,229,550,128,518,337,626,217,534,412,698,193,692,208,799,272,731,48,891,374,887,372
128,440,188,432,177,425,197,433,168,425,210,478,145,475,245,532,103,521,340,540,109,535,413,680,168,678,241,734,40,789,280,890,45,894,378
129,427,177,415,170,413,184,424,175,417,204,484,149,478,231,521,93,517,327,542,102,537,408,678,178,671,227,801,258,793,268,894,375,897,45
130,430,175,417,168,415,184,424,169,420,200,484,135,475,238,513,75,517,326,515,68,535,407,673,174,663,224,807,261,785,269,893,368,897,38
131,423,169,412,162,410,180,422,166,417,201,487,130,477,235,515,80,514,328,509,67,533,408,674,157,663,226,741,45,790,276,894,47,895,370
132,420,173,410,161,407,183,421,156,416,203,477,109,473,237,499,1,510,329,487,-28,521,410,668,138,660,218,742,33,790,277,897,49,894,370
133,406,179,395,170,392,191,413,161,411,214,477,109,478,251,493,-3,504,337,488,-44,519,419,677,140,678,232,744,36,695,257,898,41,894,352
134,400,183,388,173,388,195,407,155,403,211,472,100,473,256,494,10,500,335,486,-45,506,415,664,144,651,246,744,53,640,301,888,29,884,344
135,407,211,393,193,395,210,404,161,413,202,465,101,482,244,500,14,500,323,482,-64,502,406,681,146,665,225,796,72,740,305,899,-4,885,343
136,406,215,392,200,394,213,402,165,412,199,461,93,481,237,504,3,506,315,501,22,501,400,681,145,663,224,796,75,765,310,892,-1,885,342
137,420,202,402,188,403,206,410,149,414,198,469,88,486,234,511,0,511,311,516,35,507,392,677,130,662,215,800,71,759,308,895,-7,884,344
138,419,205,401,191,403,204,414,155,419,193,469,95,492,241,513,7,506,312,519,32,504,406,680,131,666,210,804,79,759,305,893,-2,889,345
139,423,194,403,183,404,199,415,154,420,190,466,95,488,235,514,13,507,307,518,48,504,404,680,131,666,204,801,83,758,312,895,0,892,352
140,426,195,407,185,410,200,415,159,421,195,473,86,494,236,516,12,510,310,521,31,499,402,689,139,670,216,811,84,748,327,887,1,887,353
141,430,195,412,185,412,200,423,159,427,191,479,96,501,233,518,7,508,308,523,30,497,401,694,140,672,223,811,89,749,334,893,2,881,349
142,435,206,418,197,418,209,426,170,433,197,481,107,504,246,519,12,515,315,527,25,503,405,698,160,665,237,810,94,535,303,884,-2,870,350
143,440,205,422,194,424,209,431,169,437,202,480,103,510,251,521,4,519,317,516,-38,506,412,696,165,663,232,813,92,746,341,885,-3,871,350
144,439,206,423,196,424,210,431,171,437,205,484,119,507,248,515,5,521,317,514,-38,514,401,688,167,650,240,810,96,535,308,888,-4,881,353
145,444,211,425,201,427,214,436,173,442,204,486,128,514,255,514,24,523,323,503,-59,512,408,688,169,663,236,814,93,742,338,883,-2,883,349
146,445,213,429,202,428,217,438,174,443,205,486,126,510,255,515,32,518,329,471,-89,510,412,689,169,663,234,814,92,740,345,885,-4,883,360
147,443,222,428,211,427,226,438,181,443,215,484,126,511,258,506,29,518,332,506,-35,510,419,684,177,652,239,813,95,533,314,885,-8,875,357
148,436,218,422,207,422,220,435,178,442,209,483,126,507,260,508,32,517,331,500,-52,505,419,683,179,656,241,811,97,743,345,884,-13,888,360
149,435,221,423,209,423,219,438,178,442,201,484,126,508,259,503,12,514,329,498,-55,504,413,682,178,658,244,810,93,741,347,883,-13,887,356
150,436,201,422,186,423,207,434,167,439,207,484,125,506,250,498,4,514,326,493,-54,504,407,682,170,663,238,812,88,743,346,886,-11,887,350
151,434,190,418,178,418,194,429,155,433,189,481,108,502,237,494,-1,513,316,465,-71,505,400,685,166,660,232,807,84,748,341,887,-8,893,362
152,437,185,415,175,416,190,427,148,433,182,485,102,506,227,489,-7,514,313,467,-73,506,396,687,156,663,225,807,83,750,337,890,-8,890,361
153,431,180,411,170,413,182,428,150,432,173,476,91,504,233,487,0,513,304,467,-78,507,401,688,155,664,227,809,86,746,338,890,-8,882,360
154,441,135,426,125,425,146,435,132,433,168,490,85,497,216,487,-12,513,300,474,131,504,383,693,157,668,232,810,89,752,334,883,-7,883,356
155,429,148,415,133,414,151,432,125,431,163,489,80,502,209,487,2,512,296,473,-65,503,373,698,155,677,225,812,87,753,331,887,-6,884,357
156,432,122,420,111,419,134,436,118,435,158,491,83,502,213,484,2,510,289,470,-55,501,364,690,156,666,227,811,85,754,330,885,-9,883,354
157,425,129,412,117,411,137,425,115,424,150,481,61,497,206,478,-13,502,279,468,-52,497,352,691,152,672,222,809,82,768,317,894,-7,891,360
158,417,121,401,109,401,134,416,103,417,155,470,47,485,202,471,-22,500,270,457,-44,496,339,686,138,667,217,803,71,767,300,893,-6,882,355
159,414,139,401,124,396,148,416,107,409,160,458,63,482,198,469,51,502,265,449,-20,503,329,676,127,658,198,798,60,741,295,900,-4,862,290
160,407,142,398,132,396,152,410,120,411,163,461,67,477,206,470,45,506,272,465,46,504,342,673,125,658,194,799,69,742,289,898,-3,867,280
161,413,156,402,148,401,164,415,137,414,170,466,87,484,226,458,2,509,277,453,-9,508,356,672,144,655,216,799,74,748,299,894,-3,868,282
162,404,183,395,166,392,180,410,145,412,169,454,116,479,235,470,18,497,291,477,-9,501,360,664,167,647,230,784,104,744,319,854,-11,860,284
163,394,190,387,172,385,180,405,147,406,166,458,123,476,234,472,9,495,297,475,-11,503,359,664,164,652,229,779,96,741,319,895,-23,873,288
164,406,169,392,156,393,176,411,134,414,173,457,88,482,221,476,-12,503,277,475,-36,507,344,674,150,656,215,812,83,742,306,937,-31,880,274
165,402,165,390,152,390,169,405,126,410,160,457,81,472,203,487,77,506,264,491,88,508,338,681,149,665,206,815,95,745,299,952,-33,874,280
166,400,155,391,140,391,152,409,112,412,137,451,68,478,182,487,85,512,243,478,93,516,313,686,152,672,203,821,98,748,304,949,-24,877,284
167,404,147,391,134,393,149,407,107,409,132,455,80,474,171,488,95,515,234,486,91,527,317,696,160,685,203,819,101,753,292,948,-24,869,274
168,398,142,391,127,392,138,407,110,409,125,451,94,461,154,487,90,521,217,467,-14,527,285,700,158,687,186,827,103,737,290,955,-23,869,276
169,409,132,403,118,401,130,414,106,412,128,459,94,468,159,491,99,525,217,485,116,530,277,697,164,681,200,827,113,737,293,933,-24,866,281
170,405,148,399,133,399,144,412,113,415,128,459,101,477,160,497,100,522,220,466,-1,530,270,699,160,678,197,830,111,740,295,954,-20,865,278
171,415,140,406,126,406,139,416,114,413,132,461,108,480,165,499,114,527,215,460,4,533,270,695,159,680,203,830,109,514,128,952,-21,860,272
172,412,146,403,129,403,142,411,112,415,130,449,107,478,166,525,178,524,222,460,6,533,270,690,161,674,196,828,108,748,293,953,-23,865,282
173,404,141,396,127,397,139,406,116,404,138,454,103,460,167,492,100,522,222,489,115,529,280,701,163,675,204,828,106,747,303,949,-17,864,276
174,407,163,399,151,399,163,406,134,407,155,449,108,459,183,469,15,521,242,463,5,537,306,691,158,678,210,817,109,738,296,953,-22,864,286
175,402,174,393,160,392,174,407,139,404,168,451,114,461,205,471,18,525,261,471,6,538,319,694,161,670,216,817,110,738,303,952,-21,865,283
176,396,202,384,188,383,201,401,164,402,189,449,141,475,242,477,73,528,293,477,4,542,353,672,170,655,226,803,104,797,119,947,-24,867,287
177,393,217,379,203,379,213,390,175,394,198,447,141,481,262,473,31,524,317,477,0,541,379,663,179,649,242,784,94,786,102,911,-23,866,286
178,397,206,379,188,376,213,386,171,386,220,440,139,470,264,471,11,500,319,472,-15,514,388,660,180,643,246,784,112,736,317,904,-4,747,299
179,388,206,372,189,371,214,383,168,386,217,439,137,468,259,468,7,499,324,458,-36,507,396,655,172,635,245,795,113,734,315,914,0,879,296
180,390,168,370,155,370,182,377,133,382,194,435,76,463,227,475,2,508,298,458,-53,517,371,651,146,644,224,793,86,750,289,932,8,877,302
181,381,165,358,149,362,174,370,121,372,177,433,57,451,210,472,0,507,282,432,147,526,364,660,118,645,200,800,70,751,281,933,5,865,284
182,363,126,346,123,350,144,357,115,365,165,412,39,428,203,498,34,510,285,472,6,538,363,653,115,653,194,779,62,757,266,929,7,927,11
183,351,115,339,113,335,131,348,126,345,165,424,54,421,202,594,31,504,289,465,13,542,384,665,131,657,187,737,56,716,71,929,9,921,9
184,361,152,348,149,345,167,357,152,359,204,436,81,435,262,463,-3,516,333,446,-11,546,406,661,144,655,244,770,53,777,303,924,13,893,353
185,363,179,348,175,346,195,365,174,371,221,435,86,442,272,451,-8,512,357,439,-26,537,408,635,149,612,245,743,50,633,336,919,26,898,348
186,371,182,357,181,353,194,363,194,363,225,438,114,442,282,443,5,500,357,434,-25,530,423,640,165,636,256,753,41,781,309,921,31,898,352
187,391,205,378,200,374,213,382,212,381,240,448,131,453,291,443,29,498,370,434,-25,513,440,649,164,644,259,757,36,787,299,928,12,897,350
188,398,208,384,208,381,216,389,220,392,246,453,139,466,296,442,16,500,379,430,-27,513,451,649,162,652,262,756,25,794,281,919,6,892,342
189,405,208,394,205,388,218,398,218,398,249,452,157,465,296,455,44,504,377,435,-21,517,455,659,160,626,291,810,262,707,244,899,344,920,6
190,403,203,389,201,386,213,396,210,396,244,463,153,472,287,448,2,508,376,461,210,523,458,678,153,679,250,809,251,800,261,906,345,900,346
191,410,200,396,199,389,221,403,207,404,250,457,125,472,302,462,46,505,382,446,-14,519,457,665,143,668,240,807,250,793,275,816,261,897,344
192,419,205,403,201,398,219,401,208,402,254,459,150,466,296,460,44,507,379,443,-7,528,454,663,126,663,230,755,10,723,253,904,341,928,6
193,409,206,392,204,394,226,399,209,405,253,447,127,468,291,460,49,508,367,446,-11,524,445,677,126,683,225,760,0,798,273,932,8,891,340
194,422,189,406,187,400,208,408,194,404,242,457,153,461,284,468,61,502,368,438,-8,517,438,639,134,655,234,716,198,702,241,817,269,889,342
195,408,212,391,206,390,225,393,212,405,248,447,134,475,292,468,67,507,370,453,0,518,442,667,130,666,241,715,196,805,269,901,341,898,341
196,405,190,385,190,385,208,390,206,396,254,450,119,466,292,446,-2,501,372,438,-13,516,440,661,133,677,228,752,-1,710,246,948,10,902,347
197,395,201,374,203,377,221,383,212,392,256,438,116,460,297,442,5,500,375,431,-15,514,446,666,135,680,234,761,3,790,287,939,15,899,351
198,395,204,376,201,379,228,383,200,392,254,437,134,464,300,453,62,503,373,463,85,518,449,656,132,656,244,754,12,696,248,805,264,888,337
199,397,205,384,203,384,227,392,202,402,253,440,123,464,296,434,2,505,375,417,-11,522,449,661,125,665,224,755,3,721,250,937,-4,893,342
