0,619,300,590,278,594,296,578,285,594,324,648,288,691,431,604,224,648,405,488,43,601,393,824,368,767,403,814,426,646,525,801,345,610,354
1,512,249,507,227,498,246,524,211,509,255,581,183,569,320,546,108,581,423,476,45,592,428,813,354,718,389,874,543,624,522,963,662,590,670
2,523,217,516,205,509,227,529,210,517,258,583,181,574,324,557,106,586,422,483,44,590,422,815,344,734,390,882,539,627,515,969,666,592,666
3,530,191,529,180,516,199,548,191,522,235,599,183,579,309,579,100,588,410,496,26,589,419,806,355,735,396,881,544,623,517,965,661,591,662
4,545,220,546,197,529,221,560,188,532,242,605,159,568,308,597,100,584,409,514,14,601,413,803,361,711,399,899,557,610,531,984,676,583,667
5,554,222,551,201,538,228,560,187,533,250,604,162,569,311,588,97,583,415,512,16,674,417,804,362,709,404,897,554,615,536,987,664,592,665
6,557,238,549,213,538,243,554,195,534,254,595,159,571,315,575,108,589,418,496,28,675,412,804,364,711,404,894,547,618,531,983,661,592,665
7,549,217,541,202,534,227,549,187,534,246,593,163,573,316,566,104,580,418,493,36,677,410,806,363,714,403,894,544,619,528,983,667,583,668
8,555,221,547,203,539,228,551,190,536,246,597,165,574,312,560,104,579,415,489,37,673,417,806,363,710,404,893,547,624,535,982,667,586,665
9,551,244,544,221,536,246,551,203,532,251,595,172,574,318,562,106,584,424,494,43,672,417,798,361,706,403,887,546,620,524,978,667,590,665
10,540,238,536,218,528,240,545,204,527,246,594,179,566,316,556,106,569,418,485,45,603,424,785,366,694,403,879,544,602,523,968,668,589,664
11,547,240,543,215,528,238,552,198,525,249,596,183,559,314,556,107,560,401,481,45,572,419,779,366,694,400,869,531,600,504,968,666,591,668
12,548,214,538,194,529,221,543,179,523,242,598,163,563,308,569,104,553,396,481,31,569,395,781,365,691,398,862,521,605,507,959,663,594,668
13,553,228,543,202,535,231,550,184,533,245,615,168,578,301,574,108,570,385,491,43,591,399,790,373,706,403,879,536,611,511,964,667,589,664
14,569,236,561,212,553,240,569,190,551,250,621,172,580,307,573,111,581,400,493,59,603,399,800,372,713,406,880,531,615,523,965,665,576,665
15,580,214,569,201,562,230,571,194,559,261,618,174,598,324,571,121,598,425,491,80,697,421,819,364,725,407,906,559,636,559,974,676,599,661
16,561,225,552,209,548,237,563,199,551,260,611,181,599,329,557,133,605,431,474,96,697,420,821,371,728,414,909,557,637,557,972,674,595,662
17,539,237,525,222,523,250,531,224,528,277,589,208,577,342,523,159,585,446,440,125,675,431,803,368,709,412,884,539,619,546,966,669,584,666
18,534,235,518,221,516,248,520,223,517,280,586,206,565,349,505,161,578,444,432,138,673,417,790,368,692,412,874,537,609,539,970,667,580,663
19,526,244,511,227,507,256,511,215,506,281,575,197,560,340,487,159,572,440,415,139,668,421,782,362,689,408,867,526,606,533,971,665,584,662
20,506,221,490,208,488,237,496,207,491,268,564,189,540,328,473,143,552,428,393,126,639,412,762,360,671,404,853,528,591,534,954,665,586,659
21,528,219,509,208,508,232,505,209,507,265,572,191,551,330,499,143,551,425,409,121,637,424,764,367,675,410,850,536,593,536,934,666,583,663
22,535,228,521,214,519,243,526,210,519,269,590,188,567,335,516,147,564,424,423,115,647,426,779,369,694,411,861,548,603,533,940,665,585,666
23,556,223,543,210,538,238,552,208,540,269,610,194,582,331,537,149,582,433,444,117,671,428,800,376,705,411,869,566,613,547,937,668,591,659
24,589,222,574,210,571,236,578,207,571,270,639,198,614,334,566,153,613,431,466,128,694,433,830,386,738,423,893,583,642,558,934,656,587,669
25,582,226,572,214,567,240,576,213,565,267,632,200,612,338,566,158,617,433,467,125,701,435,830,385,735,419,884,577,645,562,934,653,595,667
26,554,228,545,212,539,241,557,211,544,267,620,201,590,329,545,161,598,435,451,142,685,429,807,379,714,415,878,576,622,555,937,668,588,664
27,538,233,529,216,523,245,543,210,531,270,603,197,571,329,523,162,580,433,438,141,659,422,790,375,694,405,865,547,597,529,944,669,588,661
28,528,245,520,226,512,252,528,210,513,268,589,197,555,329,508,157,557,419,423,136,636,417,765,371,674,406,854,547,592,521,938,667,584,663
29,510,241,502,221,494,246,508,204,492,259,573,193,529,317,489,134,536,413,403,117,614,404,742,369,648,402,828,534,581,528,918,661,589,661
30,506,219,497,205,492,229,506,201,496,249,572,191,535,307,501,136,534,413,410,112,615,412,739,369,653,402,821,529,582,526,910,658,588,660
31,540,236,532,216,524,244,542,201,526,262,597,192,561,323,529,140,554,411,451,113,639,412,760,387,673,414,837,540,597,527,922,659,592,662
32,553,230,543,214,540,241,560,199,543,259,623,190,579,314,556,140,573,406,479,113,658,421,778,399,690,425,856,556,604,533,933,665,586,674
33,607,233,605,213,596,237,626,198,604,252,681,192,627,315,621,139,615,409,535,101,701,432,825,409,731,426,889,582,644,555,933,667,587,663
34,622,235,620,217,609,238,640,199,621,250,706,200,644,309,646,131,630,404,560,101,711,427,835,424,747,437,890,593,658,565,913,646,603,661
35,639,222,633,204,627,227,649,193,632,242,720,190,655,306,658,125,642,394,573,93,722,423,844,421,753,435,894,582,662,565,914,651,624,652
36,632,222,629,203,618,225,651,187,628,233,713,183,652,297,655,110,634,383,573,87,708,407,838,409,751,417,894,560,668,522,921,649,659,656
37,615,216,612,197,599,220,635,185,605,236,691,190,633,301,643,118,626,386,567,83,702,406,826,399,741,417,884,551,665,531,922,660,656,658
38,592,231,593,212,579,236,615,200,584,252,668,201,600,311,615,137,595,395,539,96,671,413,799,405,707,425,871,548,639,535,922,663,648,667
39,579,223,579,203,566,227,596,196,569,247,655,197,597,307,595,136,587,390,517,102,663,408,782,394,699,418,857,531,636,535,930,663,649,663
40,572,225,569,207,560,232,586,197,563,248,644,195,586,302,576,136,575,385,508,106,630,403,765,389,688,414,841,519,631,516,921,649,649,649
41,565,223,560,209,555,230,575,200,564,248,641,193,592,301,592,142,581,384,515,110,646,412,767,394,688,417,845,517,634,514,919,652,655,656
42,579,233,580,214,566,233,600,201,570,242,653,201,594,299,605,145,586,386,522,106,658,415,774,398,694,420,845,517,631,517,926,652,653,659
43,606,230,607,214,594,233,629,209,598,252,679,211,618,304,624,148,610,389,544,115,676,414,791,396,710,418,858,527,643,524,930,655,649,659
44,623,232,624,214,608,232,642,209,610,250,696,213,634,308,642,149,619,389,569,122,687,415,811,400,728,416,874,534,653,526,933,661,650,661
45,646,229,646,212,631,230,663,207,631,248,719,214,651,308,660,151,637,389,585,113,702,417,825,406,743,423,882,537,673,526,928,658,645,659
46,655,223,656,208,642,222,678,202,645,238,729,203,669,298,676,138,657,384,602,103,727,405,838,391,758,408,890,530,700,518,926,654,685,650
47,648,214,649,198,634,220,671,192,636,240,719,198,661,302,669,139,657,383,603,95,723,412,831,384,750,406,886,527,704,514,928,652,710,651
48,640,218,641,200,626,221,660,194,628,243,711,199,657,302,660,139,650,381,595,94,718,411,829,385,749,408,884,525,697,510,937,656,711,651
49,636,234,634,216,622,237,652,206,626,253,701,203,654,309,659,151,646,387,585,112,711,414,828,387,751,415,898,522,693,512,978,660,711,652
50,642,235,641,217,630,238,655,209,632,258,712,207,657,311,657,152,649,388,592,115,713,414,833,394,755,417,907,521,695,508,989,655,710,653
51,654,241,653,223,641,243,671,212,643,256,725,210,667,315,664,153,662,397,600,121,742,422,847,398,769,416,917,521,704,506,1008,652,708,651
52,687,241,684,226,677,245,704,216,684,262,757,215,707,316,699,165,694,406,620,131,775,422,890,401,808,423,956,538,727,511,1020,654,707,649
53,696,250,692,234,687,253,711,222,697,269,766,218,720,321,700,172,718,413,620,144,799,422,908,399,825,420,965,539,741,519,1017,657,710,645
54,699,254,695,242,689,265,714,231,704,284,764,222,733,330,701,185,732,421,623,152,812,425,923,404,844,420,989,545,764,521,1020,654,720,651
55,697,249,691,239,687,261,707,236,691,283,756,228,724,339,696,192,727,431,613,165,810,431,923,400,833,423,983,539,755,521,1019,657,715,651
56,659,258,652,244,650,267,670,236,659,288,727,224,698,341,660,197,702,425,580,173,789,416,893,383,804,412,953,533,729,510,1015,654,714,645
57,643,258,638,245,633,266,658,234,640,283,710,223,679,330,646,193,683,418,564,172,763,413,869,378,788,408,940,524,726,512,1006,654,715,649
58,624,255,619,242,614,262,631,227,615,278,682,213,646,326,609,189,657,411,541,165,734,410,836,364,753,400,898,512,714,521,969,649,718,648
59,625,237,619,225,612,247,629,223,616,265,680,215,657,319,614,183,653,405,527,164,726,407,833,362,753,394,891,517,714,512,951,652,721,651
60,626,224,621,212,614,229,634,214,616,256,683,214,652,311,619,175,652,396,541,158,726,406,828,363,747,395,882,516,714,522,944,652,721,651
61,647,222,645,207,634,231,665,198,640,251,714,200,665,302,643,153,657,388,571,130,731,404,839,369,755,394,893,525,720,521,947,656,721,653
62,664,228,661,211,653,231,676,197,656,241,732,195,679,295,664,146,668,382,585,124,744,406,854,380,769,400,902,529,725,519,947,657,719,651
63,687,197,686,185,676,202,711,183,682,228,772,189,701,289,703,133,687,377,625,113,764,405,876,385,790,400,919,540,730,518,946,661,719,649
64,699,200,697,188,686,204,715,185,690,231,774,193,707,294,702,136,692,376,631,106,766,398,878,385,795,401,921,539,726,520,947,662,703,649
65,676,219,678,206,670,224,702,201,679,242,759,205,694,303,692,148,677,386,614,117,757,412,871,396,786,416,916,556,720,550,943,663,673,657
66,658,239,659,223,651,242,680,210,663,257,732,202,676,310,665,153,669,395,586,123,747,423,855,391,771,413,897,526,706,535,943,657,664,658
67,603,239,596,228,594,239,613,221,603,248,676,213,637,318,602,167,641,407,527,145,712,416,826,386,736,414,890,536,676,529,951,661,665,666
68,585,215,576,207,573,227,588,212,581,252,654,206,619,321,585,166,623,403,508,148,705,415,809,370,721,407,879,516,671,532,951,654,673,658
69,571,210,562,204,559,224,570,212,565,251,634,205,601,321,562,167,614,404,483,145,687,414,797,358,717,397,874,511,667,526,949,650,676,660
70,568,220,557,203,552,229,563,207,552,255,619,200,589,314,550,163,600,404,467,135,685,405,788,354,708,396,863,509,657,524,956,655,675,658
71,567,216,557,203,551,225,563,210,555,252,625,203,591,317,556,164,602,404,466,134,682,413,789,360,709,398,864,513,655,520,951,659,672,661
72,569,211,561,199,556,221,574,203,565,250,636,197,598,316,569,162,607,405,482,135,683,404,794,362,717,396,867,519,660,520,947,660,676,658
73,602,205,597,195,591,215,617,195,604,239,676,186,637,308,609,149,632,399,532,116,708,414,823,378,736,409,892,534,678,522,953,660,675,658
74,651,201,650,187,641,206,672,181,648,229,734,177,671,293,664,120,660,380,585,93,735,411,856,392,763,411,913,562,693,539,949,660,675,664
75,660,197,656,183,651,199,679,176,662,215,747,176,683,282,676,109,663,372,593,80,735,408,861,393,777,410,910,552,697,527,944,659,671,664
76,649,191,647,176,637,194,666,171,640,216,731,174,662,289,669,102,657,376,589,54,730,415,852,391,759,415,907,548,688,561,948,663,654,668
77,622,209,622,192,612,210,647,175,625,217,706,177,652,290,650,108,642,386,572,62,716,422,841,389,754,414,901,547,678,528,949,665,645,667
78,602,209,603,193,593,214,625,184,599,230,682,178,624,302,617,113,620,390,544,69,684,411,828,387,736,411,900,555,660,527,945,665,645,669
79,550,207,545,194,544,215,565,187,556,232,638,173,590,302,559,115,597,393,481,74,681,408,804,370,709,405,875,525,636,524,951,665,640,675
80,551,232,542,217,540,237,552,196,544,240,619,167,584,308,548,120,587,399,463,79,674,409,794,367,702,401,878,523,641,528,960,669,650,669
81,544,207,538,194,533,219,554,180,538,237,608,166,577,301,543,119,583,397,460,82,670,408,791,359,699,397,877,524,640,528,968,673,649,671
82,547,217,546,198,539,224,563,183,551,241,624,167,586,299,554,119,587,393,475,77,671,410,793,360,703,396,884,532,640,531,973,672,650,667
83,570,220,565,205,559,227,586,186,570,243,646,164,601,300,574,115,601,393,492,78,683,409,807,369,715,399,901,544,644,533,981,668,651,668
84,611,188,613,170,600,190,638,163,607,215,702,165,639,290,625,102,640,385,539,59,720,419,850,385,749,412,934,564,670,551,987,668,653,668
85,639,184,637,167,625,185,661,158,633,205,728,159,655,282,647,95,648,375,558,50,730,417,859,391,752,418,952,597,682,563,981,661,643,669
86,644,167,641,154,631,174,663,153,644,198,739,149,665,271,656,80,655,370,568,40,738,408,868,391,761,413,958,617,685,569,979,657,649,670
87,620,179,619,162,609,180,649,148,623,195,720,146,650,272,657,88,652,373,554,47,723,414,862,395,761,416,945,603,676,549,968,655,652,662
88,601,196,597,177,593,196,619,160,607,204,691,154,635,278,604,89,636,381,519,48,712,411,844,388,749,411,918,560,660,526,970,653,638,667
89,580,207,574,192,573,211,589,176,578,219,659,162,608,289,578,98,612,384,487,53,691,404,819,383,720,409,907,559,633,530,984,667,633,670
90,529,211,516,200,515,215,528,177,523,214,602,162,568,290,522,109,582,390,431,68,606,389,792,367,689,401,882,528,615,537,978,667,627,665
91,517,207,502,194,502,211,513,187,510,221,594,163,562,299,508,112,564,393,417,73,660,405,782,355,684,392,880,526,620,531,988,667,636,665
92,520,202,508,186,504,210,521,175,515,234,589,161,565,314,509,109,567,401,411,75,655,415,783,351,690,393,882,533,620,535,985,667,634,669
93,533,215,522,198,519,221,536,181,530,235,603,158,576,305,527,108,579,402,427,73,664,416,793,356,699,396,898,546,622,544,988,667,634,666
94,570,174,567,164,561,182,597,161,577,208,671,142,608,288,580,96,614,390,490,62,698,412,835,371,725,411,924,553,652,547,986,660,647,662
95,609,178,606,166,598,180,630,157,608,197,701,151,631,276,619,83,636,379,525,45,677,405,858,390,744,423,955,599,662,569,992,664,640,663
96,654,144,655,133,644,151,679,133,651,178,746,126,664,263,661,58,654,362,583,12,740,401,872,390,762,412,972,623,680,576,992,662,642,669
97,661,134,659,126,650,144,679,122,657,170,753,119,666,253,669,47,645,355,586,0,728,400,871,394,767,405,962,616,669,547,981,646,645,657
98,652,152,651,136,643,154,676,127,654,172,748,114,661,257,663,48,642,359,576,0,733,407,872,398,766,412,962,622,665,546,975,643,639,664
99,594,180,590,163,585,181,613,147,600,191,683,132,626,257,615,52,621,372,525,15,645,392,843,400,741,422,935,579,641,528,984,660,622,669
100,549,205,540,190,538,215,558,170,550,229,610,138,597,309,531,83,609,392,447,56,627,389,815,377,716,410,901,542,620,523,980,661,611,665
101,523,198,513,185,513,204,529,173,522,223,594,143,574,298,510,102,589,396,417,76,588,397,801,366,707,405,900,541,611,522,991,663,613,659
102,509,191,496,185,497,204,506,183,508,225,578,153,560,305,492,107,576,398,403,87,600,395,791,351,694,397,895,532,610,537,994,666,616,666
103,511,192,496,180,497,202,509,178,506,225,583,149,566,311,486,112,575,402,396,89,659,417,794,350,696,396,901,544,612,528,997,670,618,662
104,518,189,504,178,504,201,514,178,515,231,594,145,575,312,502,111,593,400,410,93,606,400,804,347,709,400,912,562,613,538,995,670,619,663
105,535,176,519,168,523,189,532,175,535,229,615,147,591,318,519,114,604,405,436,98,657,417,820,354,721,405,917,562,621,553,993,665,619,659
106,562,177,549,170,547,192,568,175,564,226,643,145,616,320,550,118,621,416,457,99,714,424,853,357,757,410,952,596,648,548,999,652,637,658
107,563,207,554,199,550,221,567,193,562,248,630,155,618,323,551,121,633,420,462,103,711,427,859,346,761,403,956,597,658,555,995,650,627,669
108,548,209,535,199,535,220,552,198,549,244,621,159,609,327,518,132,627,425,441,123,722,413,854,352,746,402,953,607,648,550,983,643,623,660
109,529,223,516,209,517,233,530,200,530,250,595,157,598,325,493,134,612,419,432,128,684,424,826,351,729,403,917,575,634,545,978,646,613,666
110,496,195,479,186,484,213,492,188,500,243,565,147,558,298,463,126,575,405,399,122,642,408,784,346,690,393,880,530,610,534,995,668,609,666
111,488,206,471,197,476,221,481,197,496,249,550,142,549,317,463,126,563,400,370,116,643,407,774,336,680,385,869,519,604,535,983,668,612,666
112,494,245,475,226,478,248,478,197,494,253,543,144,550,323,463,133,560,405,371,119,636,401,773,338,677,393,869,526,602,528,979,670,615,666
113,493,197,478,186,481,214,488,193,498,243,561,150,562,321,470,127,576,403,379,119,662,407,788,354,691,401,894,555,611,533,967,671,615,669
114,514,200,497,189,500,215,504,192,512,242,574,145,576,316,482,123,588,400,389,115,623,409,804,344,706,394,899,551,619,542,977,671,618,670
115,555,206,541,193,542,220,555,189,560,246,636,150,618,316,541,122,627,409,439,110,716,415,848,361,748,408,920,578,655,549,977,663,626,669
116,565,181,555,178,556,200,577,183,584,233,656,156,647,308,558,123,649,403,466,108,677,414,870,368,764,411,934,607,658,566,962,639,633,662
117,597,181,587,170,586,198,606,165,607,225,679,153,656,295,577,113,661,398,490,96,723,423,884,364,781,403,952,613,677,568,967,643,653,664
118,591,157,582,156,579,177,594,168,588,210,674,146,642,290,586,113,643,398,475,90,689,406,877,355,770,397,938,590,668,568,955,645,645,667
119,562,191,550,182,551,204,566,174,562,221,640,139,614,299,545,113,620,399,450,105,650,408,843,356,742,398,922,583,643,554,959,646,620,668
120,540,194,531,177,530,205,549,178,542,230,617,151,594,305,538,119,599,393,436,103,686,410,823,356,725,402,908,576,635,549,959,655,629,670
121,511,194,494,180,500,209,504,170,511,226,573,141,562,295,482,115,564,388,407,110,638,400,776,350,679,391,863,532,607,532,957,668,614,672
122,508,185,493,178,492,203,504,182,502,229,574,147,554,308,488,119,555,391,391,105,643,404,769,348,676,394,863,533,606,534,955,672,625,671
123,509,188,494,176,492,200,497,171,495,214,569,147,546,277,484,109,560,384,383,101,650,391,760,348,666,392,855,523,625,542,949,671,634,668
124,507,191,495,182,495,201,505,176,501,218,576,153,551,285,483,113,563,384,400,100,650,396,758,350,663,397,855,527,626,538,940,666,633,668
125,534,221,522,202,520,222,532,174,525,218,601,147,572,281,512,112,567,379,413,93,659,401,776,372,681,405,861,544,623,535,926,670,632,668
126,544,209,532,192,532,215,548,169,540,221,624,143,581,281,534,104,581,374,440,85,670,406,790,373,698,401,865,536,629,526,921,665,632,664
127,578,186,574,171,567,198,600,158,585,222,673,148,616,282,598,105,613,376,497,81,696,409,820,380,726,402,886,561,653,536,919,664,639,667
128,595,192,591,178,588,197,615,165,601,215,697,153,632,283,615,103,629,381,513,82,708,413,833,395,738,415,892,551,668,546,909,656,635,670
129,611,200,608,184,604,203,635,169,621,217,711,163,651,281,635,108,636,379,540,87,706,417,846,391,754,413,895,592,677,552,905,639,640,667
130,637,209,632,196,628,216,655,178,642,230,731,167,664,293,650,118,657,387,558,101,732,427,862,396,771,416,901,593,679,536,905,646,644,658
131,620,213,616,199,614,221,639,184,630,234,711,166,660,293,641,120,660,388,549,107,725,424,852,386,767,408,890,575,667,520,908,651,637,662
132,609,211,604,202,602,220,624,195,616,235,695,180,646,299,619,125,646,394,536,108,717,421,836,397,749,423,881,560,664,535,905,661,632,668
133,579,202,572,195,569,211,583,195,576,232,649,187,619,298,572,138,619,393,474,111,658,403,811,388,724,411,871,570,643,517,905,661,632,663
134,556,212,547,196,546,221,561,195,554,241,631,181,596,305,555,147,610,393,460,125,632,398,794,370,707,402,858,561,642,524,910,665,634,666
135,541,206,528,191,526,220,535,193,532,240,599,177,575,296,523,138,583,385,430,133,672,401,765,365,678,398,841,539,634,525,913,668,640,653
136,531,200,519,190,518,215,526,195,526,237,587,177,573,294,510,138,577,383,429,130,655,399,758,355,676,392,833,532,634,530,904,668,640,660
137,529,225,518,211,516,232,528,199,526,245,589,179,567,292,512,140,570,381,417,127,646,402,752,352,669,388,823,535,630,525,885,656,641,659
138,542,216,530,203,527,229,539,196,538,249,600,184,576,291,517,141,574,384,425,121,653,409,755,365,674,397,832,542,630,525,888,663,642,662
139,549,207,542,196,538,220,560,189,553,245,625,173,590,298,545,145,590,383,448,116,665,409,775,372,691,402,842,545,638,525,891,662,642,660
140,559,209,554,192,550,221,576,185,564,239,644,173,605,295,558,133,606,380,478,121,674,407,789,384,703,406,844,556,644,529,886,664,641,667
141,602,210,600,197,593,213,622,187,606,229,681,178,634,291,612,132,626,378,515,114,695,401,807,373,732,397,834,514,660,515,881,657,643,661
142,604,205,602,193,598,212,626,186,612,228,688,169,636,292,617,131,634,376,528,111,697,405,815,385,733,406,855,559,657,519,882,659,634,659
143,600,215,598,202,595,216,618,191,612,221,681,180,636,281,626,128,626,374,529,116,686,408,795,389,719,407,836,546,647,518,879,659,602,659
144,590,215,584,202,582,215,605,194,594,225,667,187,621,285,599,141,620,381,508,119,681,418,776,392,709,414,832,566,634,522,881,663,606,664
145,568,224,562,210,560,224,580,203,572,234,641,193,601,290,573,143,601,382,488,121,667,411,757,387,696,414,818,552,620,522,882,664,616,662
146,530,224,524,211,521,229,535,200,527,241,601,196,563,299,532,144,569,381,447,128,600,394,731,382,658,410,797,530,606,522,874,659,620,664
147,517,222,511,211,509,227,527,204,524,239,596,192,556,295,511,139,560,380,441,128,609,391,721,373,650,401,786,514,605,517,863,656,619,661
148,510,221,501,212,501,228,516,202,514,238,585,189,550,297,509,144,556,380,430,130,623,397,710,369,636,401,775,512,604,515,846,657,619,658
149,510,231,504,218,502,234,523,203,517,242,584,190,547,295,502,147,550,375,431,129,612,404,704,370,626,400,766,517,604,524,835,655,618,657
150,516,216,510,205,507,223,528,200,516,241,591,188,546,296,508,147,552,373,434,129,611,402,708,378,635,405,767,519,605,515,836,654,619,657
151,535,237,530,221,527,237,546,203,537,239,605,190,567,291,540,145,560,372,457,128,618,400,721,385,648,403,780,532,605,511,833,655,621,663
152,548,210,545,195,539,216,562,190,547,234,627,187,572,292,555,142,574,374,470,124,626,402,732,383,660,406,789,551,605,511,836,663,617,672
153,570,209,570,194,561,214,593,189,570,232,649,190,593,289,584,135,585,367,495,115,646,400,745,379,672,398,790,552,620,515,832,664,620,668
154,577,204,577,192,566,209,597,188,576,230,657,189,598,291,592,135,594,369,504,112,652,404,749,380,681,400,795,556,619,504,829,657,614,656
155,570,220,569,209,562,226,591,201,573,241,649,194,595,296,587,145,583,372,500,122,645,412,747,386,672,402,775,532,601,511,825,653,559,645
156,552,243,547,227,544,241,564,214,553,243,626,205,582,300,570,152,574,379,485,131,631,418,722,409,651,428,779,556,588,537,829,660,552,653
157,508,256,503,243,503,252,518,229,511,249,578,219,536,307,509,159,541,394,430,157,562,405,688,411,624,428,758,539,553,510,834,659,537,655
158,480,241,475,231,475,243,496,222,487,256,556,216,520,305,475,167,522,385,389,149,576,416,672,396,608,415,732,519,539,514,827,650,541,653
159,458,227,453,216,447,230,472,210,458,248,536,210,490,304,454,174,492,390,379,170,556,412,649,386,582,415,711,522,525,524,792,661,546,663
160,446,224,442,213,438,232,464,206,456,251,526,200,488,306,446,169,490,389,374,167,562,415,644,376,577,405,705,521,528,527,782,660,546,665
161,445,235,443,219,439,234,465,208,454,245,526,203,485,304,452,166,486,388,381,162,560,415,646,377,581,407,711,520,531,523,786,656,545,665
162,459,226,456,215,451,233,475,204,464,250,545,200,498,302,462,169,502,384,387,160,564,410,658,381,586,406,726,520,541,524,800,654,545,665
163,482,228,476,219,473,230,492,211,480,246,564,204,506,299,485,161,509,382,396,160,576,413,671,391,596,418,736,528,545,523,811,656,540,665
164,537,242,533,227,525,240,548,214,528,245,615,210,552,308,547,158,543,386,454,150,598,414,711,403,632,422,766,543,571,522,824,658,546,662
165,551,232,551,218,542,232,572,207,549,241,629,213,576,296,567,151,564,381,486,145,600,402,726,397,653,415,778,549,589,527,821,657,546,658
166,591,216,593,198,580,217,616,190,581,236,664,198,602,295,602,144,599,375,516,131,653,412,759,367,686,390,779,508,625,524,819,648,594,655
167,590,207,594,192,578,209,619,187,583,235,667,197,605,292,600,142,602,372,516,121,663,408,765,371,693,392,793,528,638,516,819,654,627,656
168,582,206,585,190,571,210,609,184,575,236,657,194,600,293,584,142,603,372,509,122,653,409,767,374,695,397,798,536,637,511,819,654,646,657
169,573,208,574,194,562,215,598,188,570,237,649,193,593,295,579,146,592,373,499,124,652,403,754,376,684,402,791,530,629,511,819,653,649,654
170,558,209,557,197,548,222,576,195,556,241,631,194,583,299,565,152,587,377,483,133,651,410,747,381,675,405,802,553,626,513,829,658,642,656
171,543,249,538,231,533,247,553,214,543,246,612,207,578,307,549,157,579,385,467,158,642,412,743,385,677,410,814,531,617,515,883,657,643,662
172,546,247,542,232,539,251,559,215,549,256,622,205,580,309,550,163,585,390,470,168,650,415,750,390,679,414,828,525,619,515,916,656,645,659
173,582,229,578,216,571,233,590,212,573,252,649,206,593,310,586,164,608,389,502,173,659,413,780,391,702,416,855,527,631,508,948,659,642,657
174,591,222,587,211,584,228,609,208,598,247,677,199,623,309,607,167,623,390,520,169,689,422,800,395,724,417,867,534,649,517,954,660,640,660
175,651,224,651,210,640,227,672,202,644,237,730,204,665,301,668,155,670,390,574,153,730,414,851,389,763,413,904,552,687,538,959,664,649,655
176,660,209,660,195,648,213,682,191,655,237,739,191,680,299,678,149,679,386,586,137,751,422,857,377,782,401,890,519,711,528,951,658,667,656
177,661,208,664,193,651,210,687,187,659,233,743,189,678,296,675,144,687,386,588,128,757,422,861,372,778,402,896,526,715,524,958,664,697,662
178,652,211,653,195,639,212,676,183,647,230,726,182,666,290,661,144,670,376,579,128,740,406,848,369,771,400,896,528,717,523,957,662,724,664
179,641,212,642,197,631,216,662,190,639,229,710,185,658,292,646,146,666,381,562,137,735,414,837,371,760,405,894,523,711,522,966,664,721,664
180,628,219,629,204,619,221,650,196,626,234,699,188,650,297,639,150,658,380,552,147,731,408,831,369,755,404,895,513,708,523,980,656,725,661
181,622,217,618,208,614,223,637,202,624,238,694,196,654,303,620,158,659,384,538,161,730,415,830,376,755,407,910,508,705,517,998,652,729,660
182,630,218,627,204,620,223,646,198,628,241,705,190,655,303,627,158,663,386,549,163,733,410,837,379,758,407,914,510,709,513,1002,652,727,658
183,657,221,655,210,648,223,675,201,654,236,736,196,676,298,665,154,683,384,575,162,755,414,861,389,783,411,922,521,717,514,1003,655,727,657
184,672,211,672,200,666,215,697,197,675,233,754,189,692,300,687,155,692,386,595,157,773,418,875,386,797,411,932,533,729,517,998,660,723,657
185,694,211,694,200,684,214,719,199,689,233,779,196,707,299,704,150,709,384,616,152,785,421,891,385,814,406,925,513,741,511,995,657,724,653
186,720,205,719,189,709,210,741,185,713,231,804,189,733,294,735,143,721,377,643,132,799,411,908,392,829,413,956,551,763,523,995,656,727,654
187,728,201,726,186,714,204,746,183,719,225,808,185,738,293,748,141,727,377,656,122,805,418,913,387,836,405,957,544,762,517,995,659,728,651
188,706,198,706,183,698,202,733,183,711,227,794,182,728,292,737,139,729,379,643,126,794,415,906,387,826,408,946,531,751,517,994,651,726,650
189,676,198,677,183,667,201,702,176,678,221,763,180,701,285,694,137,695,367,613,126,768,404,877,379,800,405,928,524,721,499,994,661,718,651
190,653,200,655,183,646,201,680,175,657,215,743,176,673,283,677,134,667,363,593,126,732,402,851,389,770,412,913,518,708,517,988,653,723,657
191,632,211,629,195,626,213,645,184,634,222,708,178,651,283,653,127,644,366,564,124,713,406,817,396,741,412,878,519,690,513,942,657,724,658
192,630,216,629,198,619,216,648,183,627,217,708,184,644,279,648,131,636,364,560,126,694,404,810,392,735,410,863,519,691,518,923,657,725,661
193,632,200,632,183,622,200,652,179,629,217,711,184,643,282,653,134,642,364,566,121,706,397,805,388,732,407,849,525,687,510,908,653,726,654
194,642,205,644,190,632,205,667,181,641,219,726,190,655,279,661,135,644,362,569,119,705,404,818,391,741,409,859,534,685,508,910,654,724,655
195,668,204,668,188,657,206,694,176,665,220,751,187,683,275,687,124,662,362,602,114,723,405,831,391,753,407,856,522,681,500,909,650,716,648
196,672,206,673,192,664,205,697,181,670,214,754,187,689,272,693,120,669,361,606,112,728,404,836,385,757,396,864,525,677,495,912,657,695,648
197,652,208,653,193,640,210,678,186,644,227,735,195,658,291,675,135,652,374,586,113,710,422,815,401,736,420,858,550,666,532,912,662,625,658
198,633,203,634,190,622,207,651,191,623,229,714,200,637,295,649,134,630,374,562,114,686,419,796,403,717,418,848,543,644,525,908,658,623,663
199,574,201,574,187,562,207,595,184,565,232,654,186,586,297,589,141,583,371,505,123,647,405,757,393,677,412,821,527,607,520,908,655,627,661
